{"cameraMode":{"drawMode":0,"name":"Shaded","section":"Shading Mode"},"sceneLighting":false,"audioPlay":false,"sceneViewState":{"m_AlwaysRefresh":false,"showFog":true,"showSkybox":true,"showFlares":true,"showImageEffects":true,"showParticleSystems":true,"showVisualEffectGraphs":true,"m_FxEnabled":true},"in2DMode":false,"pivot":{"x":509.8085021972656,"y":-11.147963523864746,"z":-24.79767608642578},"rotation":{"x":0.009017347358167172,"y":0.9358472228050232,"z":-0.033490050584077838,"w":0.35241982340812685},"size":98.95713806152344,"orthographic":false}