{"cameraMode":{"drawMode":0,"name":"Shaded","section":"Shading Mode"},"sceneLighting":false,"audioPlay":false,"sceneViewState":{"m_AlwaysRefresh":false,"showFog":true,"showSkybox":true,"showFlares":true,"showImageEffects":true,"showParticleSystems":true,"showVisualEffectGraphs":true,"m_FxEnabled":false},"in2DMode":false,"pivot":{"x":556.4588623046875,"y":-1.7637879848480225,"z":115.48938751220703},"rotation":{"x":-0.005821777042001486,"y":-0.7357409596443176,"z":0.010975033044815064,"w":-0.6782490611076355},"size":94.64108276367188,"orthographic":false}